Var1,Var2,Var3,Var4,Var5
ESRRG,0.51307,1,0.45483,1
CADPS2,0.39673,1,0.37819,1
C4orf33,0.51032,1,0.46782,1
EYA4,0.52604,1,0.43077,1
RORA,0.42995,1,0.46418,1
HTR1F,0.33642,1,0.41507,1
SYT2,0.48893,1,0.39211,1
HS3ST1,0.4405,1,0.39611,1
VWC2,0.34287,1,0.39136,1
GPAT3,0.48219,1,0.36512,1
GLCCI1,0.37397,1,0.36399,1
PLAGL1,0.4883,1,0.46842,1
TIAM1,0.41058,1,0.40529,1
FKBP5,0.56553,1,0.524,1
ANKRD29,0.47581,1,0.41807,1
CEP95,0.40955,1,0.48627,1
SEMA6D,0.33488,1,0.37367,1
SLC16A7,0.39476,1,0.39395,1
SLC24A2,0.36309,1,0.29704,1
RNF144A,0.315,1,0.38306,1
TDRD3,0.3968,1,0.37827,1
RORB,0.26207,0,0.30643,1
TTC39B,0.36762,1,0.36722,1
POU3F2,0.34481,1,0.35092,1
ZMAT4,0.30356,1,0.35312,1
SLC8A1,0.39343,1,0.37585,1
EFR3A,0.4309,1,0.39288,1
POU6F2,0.3434,1,0.34064,1
CELF2,0.32377,1,0.30378,1
IL1RAP,0.19926,0,0.26752,1
TBR1,0.35155,1,0.33764,1
ITGB1,0.3925,1,0.35348,1
RMI1,0.39289,1,0.40748,1
ROCK2,0.3103,1,0.35073,1
BTBD3,0.34809,1,0.33573,1
SLC17A6,0.48109,1,0.37193,1
TMEM132E,0.34196,1,0.39912,1
DCBLD2,0.33788,1,0.31363,1
SERTAD4,0.31965,1,0.28495,1
METTL15,0.36254,1,0.36467,1
FRMD4A,0.41124,1,0.43186,1
CDK14,0.4124,1,0.32953,1
PTPRD,0.31071,1,0.30188,1
PLCL1,0.29838,1,0.24755,1
KLHL24,0.35214,1,0.35375,1
SNTG1,0.23029,0,0.29861,1
FBXL4,0.35641,1,0.45335,1
NR3C2,0.3385,1,0.36753,1
THSD4,0.52837,1,0.5195,1
ADCY9,0.37465,1,0.32741,1
SLC25A36,0.33685,1,0.39174,1
RPS6KA3,0.31003,1,0.30831,1
SETBP1,0.29444,1,0.40027,1
TAF4B,0.23557,1,0.28788,1
MTPAP,0.28019,1,0.34251,1
PRKCA,0.40937,1,0.42579,1
CDH7,0.31675,1,0.2776,1
TCF7L2,0.20546,0,0.2573,0
KIF27,0.28623,1,0.37648,1
ZADH2,0.27703,1,0.36297,1
PLCB4,0.27506,1,0.25198,1
TRPM3,0.33579,1,0.39796,1
MIAT,0.26199,1,0.32157,1
VWA8,0.39662,1,0.37486,1
LINC00476,0.34552,1,0.35043,1
TRNP1,0.45692,1,0.43889,1
ATRNL1,0.28543,1,0.27584,1
MIS18BP1,0.40855,1,0.41622,1
MAST4,0.21105,0,0.23145,1
MBNL2,0.33833,1,0.28998,1
NT5DC1,0.32699,1,0.23386,1
KDM4C,0.32948,1,0.32697,1
FOXN3,0.35944,1,0.37948,1
CPLX2,0.35228,1,0.33162,1
ICA1,0.29768,1,0.35239,1
RHOBTB1,0.19523,1,0.24743,1
WDR75,0.27015,1,0.36376,1
PPARGC1A,0.34485,1,0.28605,1
DSCAML1,0.45917,1,0.39995,1
IFNAR2,0.35348,1,0.31273,1
SH3BGRL,0.37034,1,0.28766,1
PLXNA4,0.36388,1,0.31496,1
SMC2,0.35977,1,0.3629,1
ZBTB16,0.21929,0,0.28612,1
LAMA4,0.49898,1,0.43735,1
GRIN2A,0.2451,0,0.24124,1
TANC1,0.3218,1,0.20867,1
NUDT12,0.30634,1,0.30533,1
CTPS2,0.28478,1,0.36773,1
IGFBP2,0.28299,1,0.24414,1
CLCN2,0.38004,1,0.34489,1
ATP13A3,0.34078,1,0.34416,1
KLF12,0.20434,0,0.24925,0
KDF1,0.36495,1,0.41107,1
CLMN,0.28706,1,0.22703,1
FGF13,0.3569,1,0.4032,1
ARL13B,0.3099,1,0.35716,1
TGFBR1,0.42123,1,0.3454,1
METTL24,0.39747,1,0.37181,1
PRR16,0.48813,1,0.34146,1
EDIL3,0.28682,1,0.25186,1
DTWD2,0.36931,1,0.35137,1
TENM4,0.42359,1,0.39246,1
FGF18,0.21577,0,0.2464,1
ARID1B,0.25991,1,0.34005,1
DHX35,0.34384,1,0.3548,1
ASTN2,0.35904,1,0.30153,1
EDNRA,0.34331,1,0.33334,1
CHD6,0.23507,1,0.26258,1
ADGRL2,0.26686,1,0.24714,1
HS3ST5,0.26526,1,0.18261,0
ATP11B,0.20959,1,0.25992,1
STAG1,0.26039,1,0.3201,1
SPATA6,0.23646,1,0.22527,1
FMN1,0.18424,0,0.21364,0
N6AMT1,0.24693,1,0.29493,1
ZNF717,0.29253,1,0.37764,1
FBXO33,0.20476,0,0.16037,0
ANKS1A,0.28288,1,0.32964,1
ZNF518A,0.25984,1,0.28387,1
ZNF385D,0.23271,1,0.22784,1
RERGL,0.30026,1,0.32749,1
CEP44,0.25104,1,0.36851,1
APIP,0.292,1,0.25141,1
CCSER1,0.19754,0,0.2751,1
GLIS1,0.33622,1,0.40005,1
EFNA5,0.19584,0,0.20981,1
STX8,0.23234,1,0.29463,1
LAMA3,0.38417,1,0.39881,1
MITF,0.35719,1,0.25595,1
ITPR1,0.18628,0,0.18384,0
STAG3L4,0.30749,1,0.25475,1
GABPA,0.25472,1,0.31358,1
FAM135B,0.30216,1,0.27874,1
BCOR,0.306,1,0.34366,1
ANKS3,0.23852,1,0.32141,1
RAB11FIP2,0.26639,1,0.34959,1
ACVR1,0.31515,1,0.30107,1
PTPRT,0.24622,1,0.33093,1
FGFR2,0.21627,1,0.14389,0
PRICKLE1,0.17919,0,0.22068,1
FAM76B,0.21043,0,0.19868,0
POU3F3,0.32407,1,0.33967,1
SLC25A13,0.26325,1,0.24288,1
KCNJ2,0.24245,1,0.19819,1
BUD13,0.26464,1,0.30045,1
ARHGAP26,0.13524,0,0.22253,1
PTCHD4,0.25918,1,0.3045,1
CNTLN,0.43718,1,0.45605,1
INSIG2,0.21867,1,0.23707,1
ONECUT2,0.058738,0,0.043869,0
SORL1,0.22501,0,0.20528,0
PKNOX2,0.14403,0,0.27125,1
ERCC4,0.24396,1,0.22912,1
LRFN5,0.18955,0,0.29344,1
TANK,0.19733,1,0.27076,1
BACH2,0.2614,1,0.33433,1
PPP2R2B,0.28655,1,0.27167,1
VRK2,0.19712,1,0.21529,1
PLEKHA6,0.20015,0,0.27175,1
CAAP1,0.23077,1,0.25354,1
MRPS30,0.14865,0,0.17694,0
BRINP1,0.24056,0,0.24079,1
ZC3H12C,0.21757,1,0.25489,1
CNKSR2,0.21656,1,0.27844,1
PLOD2,0.26558,1,0.3179,1
SSFA2,0.25073,1,0.26333,1
INPP5A,0.30123,1,0.26031,1
LMAN1,0.25642,1,0.24784,1
ADAMTSL1,0.24772,0,0.32638,1
FAM198B,0.063844,0,0.1135,0
TRIM44,0.28417,1,0.22439,1
RALGAPA2,0.31885,1,0.28723,1
HAR1A,0.21477,1,0.15207,0
EIF5,0.3096,1,0.26817,1
TBC1D16,0.31197,1,0.22868,1
KCNH8,0.22949,1,0.17568,1
PACSIN2,0.35949,1,0.35312,1
LOC440311,0.26262,1,0.28703,1
PPP1R3B,0.33214,1,0.25988,1
LDLRAP1,0.21937,1,0.14238,1
ZNF365,0.098658,0,0.076284,0
FAM84A,0.14462,0,0.23485,0
RPS6KC1,0.22338,1,0.17567,1
C15orf41,0.3181,1,0.33716,1
PCDH7,0.31324,1,0.2333,1
BBX,0.228,1,0.21025,1
PLCB1,0.14847,0,0.18427,0
KCNQ1OT1,0.23232,1,0.23238,1
LRIG3,0.21653,1,0.22835,1
BRINP2,0.22954,1,0.28874,1
SLC38A6,0.27353,1,0.33304,1
WWOX,0.24413,1,0.21881,1
LDB2,0.11848,0,0.19124,1
INHBA,0.34649,1,0.28301,1
TMEM178A,0.18086,0,0.22672,1
FGF7P3,0.26161,1,0.23245,1
CRIPAK,0.16557,1,0.20556,1
PROX1,0.19039,1,0.15222,1
CCDC144NL,0.21501,1,0.28181,1
PPTC7,0.25074,0,0.18863,0
SORCS1,0.24042,0,0.3196,1
CDH12,0.31587,1,0.30794,1
CSTF2,0.25617,1,0.22982,1
GFRA2,0.2106,0,0.21826,1
SCAI,0.091598,0,0.18065,1
MANSC1,0.14981,1,0.22322,1
CWC22,0.1913,1,0.21182,1
ICK,0.16792,1,0.15328,1
LRRN3,0.17216,0,0.1871,1
N4BP1,0.17994,1,0.28579,1
CENPC,0.19209,1,0.33959,1
POU3F4,0.25137,1,0.25625,1
NUP35,0.23609,1,0.28071,1
UGT8,0.19468,1,0.12479,1
UST,0.13107,0,0.23028,0
DPY19L2P4,0.24477,1,0.19249,1
LMO2,0.36864,1,0.32037,1
KMT2C,0.19053,1,0.24421,1
MAT2B,0.17232,0,0.18386,0
SP3,0.2238,1,0.29544,1
MYLK2,0.27478,1,0.23994,1
FIGN,0.0023719,0,0.13404,0
YTHDF3,0.20543,1,0.26064,1
MAP3K1,0.22091,1,0.26484,1
NUP93,0.16717,1,0.14879,1
ZNF536,0.096283,0,0.055591,0
CAVIN2,0.11754,0,0.13525,1
NBPF22P,0.28561,1,0.22117,1
RBPJ,0.18448,1,0.12714,0
CEP170,0.22538,1,0.22523,1
SLCO3A1,0.28996,1,0.21301,1
ANTXR2,0.2526,1,0.26862,1
VPS13C,0.23165,1,0.21496,1
ROR1,0.17757,1,0.2404,1
PHAX,0.25747,1,0.26995,1
FBXO8,0.1356,1,0.15213,1
BBS9,0.25698,1,0.22936,1
EMCN,0.28369,1,0.26247,1
THSD7A,0.21464,0,0.25505,1
HIBADH,0.29624,1,0.22979,1
PKN2,0.22987,1,0.29609,1
OR7E156P,0.27922,1,0.17853,1
CHMP2B,0.27549,1,0.17476,1
ARRDC4,0.22829,1,0.18931,1
KIZ,0.36102,1,0.25575,1
ADGRL4,0.20474,1,0.21417,1
PEPD,0.22452,1,0.15553,0
CAND1,0.24672,1,0.23586,1
ISL1,0.17603,0,0.15221,0
SPIDR,0.23761,1,0.31114,1
SNX19,0.17353,1,0.20429,1
PDE4D,0.050859,0,0.21109,1
LOC441601,0.1363,1,0.15093,1
RARB,-0.0090175,0,0.1262,0
TENM2,0.23329,0,0.39088,1
SHC4,0.12882,1,0.12381,1
CAMTA1,0.20414,0,0.15906,0
CACNA2D3,0.14165,0,0.13877,0
TCOF1,0.15883,0,0.18657,0
ZNF407,0.27583,1,0.32863,1
ARAP2,0.12667,0,0.13868,0
ST6GALNAC3,0.16965,1,0.15351,1
RYR2,0.16406,1,0.21638,1
CDC14C,0.10498,0,0.1224,1
PARG,0.12718,0,0.17524,1
DEPDC1,0.12573,1,0.15142,1
ZNF100,0.081761,0,0.11496,1
QDPR,0.18229,0,0.074067,0
ZFAND1,0.20684,1,0.1521,0
C3orf58,0.070761,0,0.13444,0
G2E3,0.12804,1,0.1952,1
PRDM1,0.18705,1,0.18321,1
HIVEP2,0.18941,0,0.17512,1
DMRT2,0.17444,0,0.077418,0
ISPD,0.14218,0,0.20629,1
EXOC2,0.20951,1,0.21922,1
CEP170P1,0.13267,1,0.15082,1
ZNF644,0.18611,1,0.158,1
TET2,0.16037,1,0.24998,1
IL1RAPL1,0.064384,0,0.10552,0
HS6ST2,0.41994,1,0.27779,1
FAM107B,0.10652,0,0.097134,0
TMEM38B,0.14935,1,0.09623,1
POLA1,0.18919,1,0.23802,1
KCNJ3,0.23596,1,0.19559,1
CTNNA3,0.14956,1,0.091771,0
CDH23,0.206,1,0.16775,1
MAP3K7,0.15989,1,0.20168,1
FAT3,0.1871,1,0.15364,1
CCNG1,0.12169,0,0.17707,1
DLC1,0.24476,1,0.18807,0
FSTL4,0.063516,0,0.14324,0
HHIP,0.094386,0,0.069883,0
PRTFDC1,0.1227,1,0.15867,1
FRMD4B,0.090838,0,0.077613,0
PPP3CA,0.16509,0,0.16724,0
STK33,0.20637,1,0.17608,1
ADARB2,0.11681,0,0.10736,0
IQGAP1,0.17707,1,0.15868,1
ZNF257,0.18329,0,0.2607,1
SATB1,0.040077,0,0.1977,0
TSPAN9,0.22413,1,0.19901,1
SPRY3,0.29896,1,0.26205,1
MED13L,0.11667,0,0.16588,1
PRDM8,0.19677,1,0.21593,1
ZNF507,0.10069,0,0.18973,1
TLE4,0.18228,1,0.15784,1
CSNK1G3,0.10559,0,0.2135,1
ZMYND11,0.12306,1,0.19816,1
SS18,0.17243,1,0.18754,1
ULK4,0.10173,0,0.14281,1
TTLL5,0.19128,1,0.22739,1
CPM,0.062386,0,0.034411,0
MED13,0.12335,1,0.26835,1
EBF1,0.088552,0,0.20716,1
MECOM,0.14118,0,0.24448,1
PMFBP1,0.17586,1,0.26806,1
GALNT5,0.19052,1,0.17851,1
SIPA1L3,0.17407,0,0.089209,0
BMPER,-0.0029033,0,0.038745,0
NEGR1,0.15347,0,0.24908,1
FOLH1,0.091806,0,0.050904,0
LRPPRC,0.23715,1,0.1798,0
SH3TC2,0.07381,0,0.028527,0
GRAMD2B,0.13083,0,0.17808,1
CNKSR3,0.090134,0,0.020764,0
SLC35F3,0.21905,1,0.20614,1
AUTS2,0.12148,1,0.18461,1
ERRFI1,0.15132,0,0.12946,0
CACNG2,0.080797,0,0.12237,0
HOXD9,0.17435,1,0.17757,1
KLHL4,0.12922,0,0.11265,0
ZFPM2,0.14601,0,0.18256,0
FAN1,0.18281,1,0.17773,1
NFE2L2,0.094349,0,0.091603,0
GREB1L,0.2532,1,0.27003,1
KHDRBS2,0.016434,0,0.1073,0
ARL6IP6,0.1246,1,0.034967,0
TBL1X,0.2268,1,0.28147,1
GFRA1,0.2841,1,0.29408,1
PCDH9,0.05571,0,0.07761,0
METTL4,0.18165,1,0.17262,1
GRIP1,0.12324,0,0.20626,1
CSRNP3,0.070569,0,0.15477,0
MAFB,0.053311,0,0.038451,0
JADE1,0.20581,0,0.21758,0
FRK,0.11609,0,0.089361,0
ATG4C,0.04685,0,0.0019681,0
SLC24A4,0.049683,0,0.19232,1
PARP4,0.19251,1,0.15007,1
TRIO,0.11019,0,0.26061,1
RBFOX1,0.12415,0,0.11269,0
SLC35F5,0.11395,0,0.15584,1
ZEB2,0.076256,0,0.07013,0
SPDL1,0.18207,1,0.24573,1
SPOCK3,0.057628,0,-0.026048,0
GAD1,0.21394,1,0.19724,1
GCC2,0.14565,0,0.12554,0
XRCC5,0.059394,0,0.097688,0
CEP162,0.18779,1,0.26583,1
RNF220,-0.0016735,0,0.03093,0
FGF14,0.17855,0,0.19295,1
CD82,0.15274,1,0.12949,1
TMEM114,0.14476,1,0.06707,0
MEGF10,0.065341,0,0.039052,0
PBX3,0.17866,0,0.10291,0
SMARCA2,0.04217,0,0.04975,0
ASCL1,0.14147,1,0.1044,0
MVB12B,0.097818,0,0.07039,0
CYLD,0.15655,1,0.1669,1
POM121L12,0.16332,1,0.069652,0
FOXP2,0.073175,0,0.1415,0
KCTD8,0.01833,0,0.014081,0
LRP6,0.010004,0,0.051354,0
CDKAL1,0.088417,0,0.073176,0
CDH19,0.065968,0,0.018849,0
TCF12,0.11014,0,0.13175,1
SLC25A51P1,0.13458,1,0.088301,0
ESRRB,0.30203,1,0.20451,1
PARP8,0.10033,0,0.16849,0
ETS1,0.040105,0,0.16641,1
ZNF124,0.076563,0,0.093251,0
HTR2A,0.15283,0,0.2068,0
CNTN5,0.23541,1,0.27542,1
RHOG,0.10432,0,0.062676,0
ARHGAP21,0.045148,0,0.080787,0
PPM1B,0.14345,0,0.12954,0
MEF2C,0.13499,0,0.23294,1
PREP,0.081374,0,0.075134,0
SLIT2,0.23921,1,0.22255,1
ADAMTS1,0.0081616,0,0.11272,1
STAT3,0.18251,1,0.19183,1
MEIS2,0.14979,0,0.17857,0
ZHX3,0.060146,0,0.12631,1
SRSF6,0.085725,0,0.19687,1
SLC6A15,0.21896,1,0.19399,1
TMTC2,0.026481,0,0.00088007,0
FOXQ1,0.024487,0,0.14161,0
FOXP1,0.042203,0,0.10796,0
TOP1,0.094066,0,0.15837,1
OGFRL1,0.081579,0,0.093499,0
TRHDE,0.096027,0,0.1227,0
HNRNPD,0.042043,0,0.072417,0
TUBGCP5,0.17863,1,0.10857,0
ADCY8,0.21042,1,0.27399,1
ANP32AP1,0.27385,1,0.17906,1
FTO,0.04987,0,0.11734,1
SMAD7,0.15496,1,0.12142,0
DEFB118,0.13218,1,0.037511,0
NKX6-1,0.07871,0,0.0060953,0
PEX2,0.12412,1,0.13877,1
DUSP16,0.018027,0,-0.042244,0
PGRMC2,-0.044329,0,0.082845,0
GABRG2,0.10495,0,0.062316,0
TMEM135,0.021988,0,0.03061,0
ATP10B,0.095306,0,0.052776,0
CYYR1,0.11989,0,0.14632,1
GUSBP3,0.10419,0,0.096643,0
OSTF1,-0.14528,0,-0.092711,0
CLUHP3,0.11179,0,0.19245,1
BACH1,0.064375,0,0.081287,0
SLC5A3,0.077111,0,0.17593,1
SRRM4,0.077245,0,0.16247,0
MAB21L3,0.089034,0,0.009488,0
VAPA,0.095039,0,0.15337,0
GPR139,0.10664,1,0.069382,0
GOPC,-0.0097868,0,0.039051,0
CCNC,0.072609,0,0.10747,0
OPA1,0.079764,0,0.094743,1
MAD1L1,0.10417,0,0.059325,0
DPP6,0.026916,0,0.059957,0
NAALADL2,0.12735,1,0.030376,0
BARD1,0.18219,0,0.17813,0
ATP1A1,0.10086,0,0.050418,0
VPS50,0.2578,1,0.10578,0
CDH20,0.15056,1,0.13262,1
FREM1,0.12592,0,0.14975,1
KIAA1217,0.25936,1,0.22322,1
LRP12,0.10244,0,0.081384,0
SEMA6A,0.13807,1,0.14691,1
SMARCE1,0.047632,0,0.11158,1
ARAP3,-0.024698,0,0.12792,0
TRPV3,0.055298,0,0.097846,0
IRX4,0.099322,0,0.05163,0
REST,0.056517,0,0.032746,0
MSI1,0.14551,1,0.1016,1
HEATR5A,0.098003,0,0.082107,0
TYW3,0.097886,0,0.093203,0
TPTE,0.20183,1,0.1755,1
GALNT13,0.06447,0,-0.020289,0
PDCD6IP,0.084948,0,0.000591,0
RAPGEF5,0.062371,0,-0.01621,0
WARS2,0.13076,1,0.1759,1
EFS,0.091084,0,0.032752,0
FOCAD,0.23039,1,0.15405,0
GRID1,0.034523,0,0.038433,0
CNTNAP5,0.23946,1,0.24735,1
ZNF22,0.12126,0,0.16011,1
WNK1,0.12666,0,0.032714,0
NOVA1,0.02038,0,0.0076041,0
LINC01000,0.12983,1,0.16558,1
TBX5,0.0897,0,0.024192,0
ZNF430,0.12482,1,0.09127,0
NCOA2,0.058664,0,0.046677,0
XPOT,0.13986,1,0.073664,0
C14orf177,0.13808,0,0.088736,0
ATXN7L1,0.11224,0,0.22857,1
VPS41,0.08146,0,0.11719,0
SOX2-OT,0.076474,0,0.015265,0
HHAT,0.039879,0,0.070806,0
MLLT3,0.11436,0,0.12537,0
EPHA3,0.1203,0,0.19579,0
QKI,0.022273,0,-0.0027984,0
TBX3,0.10689,0,0.15561,1
CAMKMT,0.022967,0,0.073084,0
HS3ST4,0.16835,1,0.1286,0
ABLIM1,0.065082,0,0.093949,0
DDHD1,0.10087,0,0.029065,0
FOXS1,0.088803,1,0.047001,0
BNIP2,0.069955,0,0.10874,0
UBE2NL,0.078988,0,0.14869,1
TSHZ3,0.073112,0,0.21589,0
EPHA7,0.28353,1,0.17213,1
DDX18,0.12561,0,0.08165,0
MBOAT1,0.2058,1,0.10193,0
NNT,-0.034187,0,0.020363,0
DOCK10,0.10743,1,0.023085,0
RAB9BP1,0.15169,1,0.054991,0
ASXL2,0.051904,0,0.043933,0
PRELID2,0.0035677,0,0.14412,1
SCAF8,0.038355,0,0.061471,0
SDCCAG8,-0.025122,0,-0.00022394,0
ZBBX,-0.1809,0,-0.082521,0
MED30,0.091817,0,0.086047,0
HRH2,0.14535,0,0.23872,1
CASZ1,0.084464,0,0.021452,0
PMS1,0.14681,1,0.149,1
ELAVL2,0.022818,0,0.066596,0
HNRNPKP3,0.099664,1,0.05082,0
FAM19A2,0.15441,0,0.18282,0
VWC2L,0.058736,0,0.13907,1
NEO1,0.12132,0,0.081115,0
ZNF730,0.0011453,0,0.0297,0
ISX,0.09192,0,-0.0089283,0
MEIS1,0.0076676,0,-0.077705,0
FASTKD2,0.092377,0,0.06715,0
TNC,0.040799,0,0.0024603,0
TRIM29,0.073379,0,-0.0015792,0
FAF1,0.089095,0,0.088131,0
IKZF2,0.045351,0,0.042582,0
FBXL17,0.076464,0,0.093159,0
NEK10,0.064364,0,0.18219,0
ZIC3,0.064045,0,0.13465,0
CYP7B1,0.11899,0,0.10592,0
EGLN3,0.1096,0,0.054767,0
BTG1,0.11639,0,0.1808,1
NEBL,0.040185,0,0.072218,0
ZNF462,0.036042,0,0.10728,0
RAPGEF3,0.067487,0,0.022469,0
PRSS55,0.10924,0,0.093182,0
WT1-AS,0.044429,0,0.0058931,0
RBMS3,0.077133,0,0.1332,1
ZFHX4,0.079607,0,0.065492,0
CSMD1,0.053578,0,0.1322,1
PRLHR,0.025337,0,0.066722,0
SPRY2,0.064035,0,0.14292,1
CCDC93,0.095712,0,0.064317,0
IRX1,0.10299,1,-0.014979,0
DCC,-0.030803,0,0.046159,0
TM9SF4,0.079034,0,0.12222,1
GXYLT1,0.021285,0,0.15012,1
RASGEF1B,0.085709,0,0.13868,0
JAG1,0.0029935,0,0.094021,0
CNOT4,0.12102,1,0.14546,1
PLEKHM3,-0.024449,0,0.069905,0
KRTAP19-8,0.089928,0,0.012005,0
GRM7,0.029067,0,0.17823,1
DYSF,-0.0048316,0,-0.013736,0
TBC1D32,0.041371,0,0.10899,0
NHEJ1,0.12792,1,0.12184,1
BCL6,0.0093723,0,0.014233,0
HNRNPA3,0.0017756,0,-0.020897,0
IBTK,0.041879,0,0.026751,0
INO80D,0.042935,0,0.036727,0
LRP8,0.1023,0,0.10289,0
FOXB1,0.071003,0,-0.0056909,0
POT1,0.081121,0,0.090769,0
PKM,0.10283,0,0.11295,0
UACA,-0.016077,0,0.005152,0
NUP210,0.16881,1,0.17541,1
CDH6,0.15395,0,0.046656,0
ZBTB20,-0.064813,0,-0.063093,0
GOLIM4,0.04437,0,0.074779,0
PIK3R1,-0.19575,0,-0.037209,0
ITGAV,0.14365,0,0.07568,0
ETAA1,0.11504,1,0.060994,0
EPM2A,0.082461,0,0.086012,0
SPANXA2-OT1,0.067921,0,0.032748,0
OR2H2,0.026989,0,-0.011683,0
SPON1,0.069358,0,0.1391,1
TBKBP1,0.077894,0,-0.0060446,0
DNER,0.17588,1,0.10177,0
FAM204A,0.0070434,0,0.11853,0
CHMP4C,0.059468,0,0.043711,0
HIST3H3,0.02538,0,-0.018804,0
IQSEC1,0.027662,0,0.0056097,0
SALL1,0.046604,0,-0.035724,0
KLF4,-0.021306,0,0.040354,0
SEL1L,-0.047944,0,0.012314,0
CREB5,-0.024393,0,-0.031126,0
CDH2,0.023204,0,0.14276,0
DLGAP2,0.032021,0,0.053568,0
ALG10,0.013093,0,0.10568,0
FAM19A4,0.018323,0,-0.013298,0
ZNF611,0.0097185,0,-0.025555,0
ACO1,0.19076,1,0.15845,1
RGS3,0.018538,0,-0.051606,0
AATF,-0.052927,0,-0.11043,0
TMEM232,-0.045211,0,0.0074699,0
B3GLCT,0.23533,1,0.11867,0
ADRA2A,0.065963,0,0.078058,0
GYPC,0.11674,0,0.022835,0
HIST3H2A,0.077862,0,0.0834,0
GFRAL,0.043258,0,-0.042844,0
MPPED2,-0.10389,0,0.015969,0
C1orf94,0.089841,0,0.022757,0
ZHX2,0.031296,0,-0.00079086,0
TBC1D22A,-0.054685,0,0.030673,0
NSUN3,0.14774,1,0.081853,0
MON1B,0.058073,0,-0.032285,0
CD47,0.050458,0,0.0069669,0
CYBRD1,0.03501,0,0.039622,0
BMP2,0.040599,0,-0.039044,0
UBR3,0.036289,0,-0.014945,0
IMPG1,-0.045828,0,-0.010857,0
APP,-0.066379,0,-0.0059059,0
LRP4,0.04057,0,0.09672,0
ITGA6,0.11845,0,0.13025,1
IGFBP3,0.14572,0,0.22269,1
VTI1A,-0.031762,0,0.043319,0
TAB2,-0.088565,0,0.0091344,0
KCTD16,-0.12554,0,0.018407,0
METTL8,-0.034485,0,-0.056365,0
RBBP6,0.02311,0,0.04292,0
PAX8,0.18458,0,0.16958,0
RIMS4,0.031944,0,0.10104,0
IFT81,0.037126,0,0.083521,0
HPSE2,-0.1653,0,-0.068555,0
ANKS1B,-0.048292,0,0.038952,0
MUSK,0.01823,0,0.034464,0
AADAT,0.0015411,0,0.0058081,0
NDUFS4,0.083654,0,0.03616,0
SNHG5,0.010183,0,-0.033271,0
HAND2,0.11151,1,0.053848,0
UBIAD1,0.065123,0,0.036752,0
MID1IP1,0.019186,0,-0.012757,0
KIF16B,-0.037449,0,-0.053819,0
DYNC1I2,-0.0066766,0,-0.053364,0
GALC,0.024833,0,-0.028575,0
CASC15,-0.01203,0,0.12053,0
RNH1,0.042905,0,-0.020716,0
EXOC4,0.00151,0,0.065832,0
KCND2,-0.032534,0,0.066244,0
MYADML,0.054639,0,-0.0058398,0
ADRA1A,0.046133,0,0.038574,0
MIR205HG,0.027489,0,-0.065882,0
CRBN,0.095492,0,0.04372,0
SATB2,-0.16448,0,-0.04824,0
IQCH,-0.024734,0,0.044457,0
ZIC4,0.0015315,0,-0.028673,0
SUCLG2,-0.073244,0,-0.045848,0
SLC52A3,0.038085,0,-0.067054,0
AGAP1,0.007769,0,0.024478,0
RBM27,-0.057573,0,0.00058096,0
PAPSS1,-0.042792,0,-0.013263,0
BUB3,0.037853,0,0.010519,0
PLA2G6,0.037693,0,-0.025318,0
MSI2,0.01811,0,-0.0067474,0
ADAMTS2,-0.06739,0,-0.11531,0
MYOF,0.10252,0,0.042795,0
CLDN12,0.0099714,0,0.046984,0
TMEM30B,0.0021034,0,-0.067815,0
SLC9A9,0.072614,0,0.022146,0
UPK2,0.04484,0,-0.025485,0
DNM3,-0.058995,0,-0.11527,0
ZNF608,-0.059064,0,-0.034603,0
HLA-C,0.082358,0,0.098447,0
PDE11A,0.088938,0,0.016303,0
ZNF703,0.032273,0,-0.06487,0
NFIA,0.009041,0,0.021814,0
EYA1,-0.0060279,0,0.061669,0
MACROD1,0.14722,1,0.14123,1
LRRC58,0.032495,0,0.023757,0
GMDS,0.15784,1,0.15173,1
TLE3,-0.095693,0,-0.03874,0
FAM9B,0.019727,0,0.0073816,0
PITPNC1,-0.065449,0,-0.019633,0
CTAGE11P,0.0657,0,0.052966,0
SVEP1,-0.10851,0,-0.12898,1
LSAMP,-0.038367,0,-0.016114,0
ZIC1,-0.047259,0,-0.035258,0
CDC73,-0.055027,0,0.028431,0
LOC645752,0.065969,0,0.029779,0
CADM2,0.0014912,0,0.023481,0
CBLN4,-0.17692,1,-0.1421,0
VPS53,0.035219,0,0.01386,0
ASB18,-0.00597,0,-0.027144,0
MGAT4C,-0.0073245,0,-0.00072773,0
ELP4,0.099533,0,0.12748,0
GPR156,0.019315,0,-0.059578,0
SCRT2,0.018796,0,-0.024059,0
MCC,0.038111,0,0.026347,0
TLL2,-0.0012099,0,-0.034539,0
ZNF674,0.011039,0,0.060716,0
ETNK1,-0.048042,0,-0.046405,0
RBFOX2,0.05822,0,0.032342,0
ELMO1,-0.070234,0,-0.055777,0
CDS2,0.0032221,0,-0.028896,0
DERA,-0.046516,0,-0.067183,0
C11orf87,-0.24567,1,-0.16205,0
DOCK3,-0.12584,1,-0.083215,0
MKNK1,0.1495,0,0.20757,1
NRXN1,-0.11288,0,-0.036916,0
RIOK2,0.051845,0,0.03106,0
ZFP90,0.026396,0,0.036481,0
FBXW7,-0.094784,0,-0.11951,0
LINGO2,0.0083797,0,0.081878,0
NMBR,-0.040141,0,-0.089369,0
PSAT1,-0.017796,0,-0.012637,0
COBL,-0.19532,1,-0.12769,1
SUDS3,0.018915,0,0.044965,0
SNX16,-0.0022582,0,0.033147,0
MTERF1,0.056172,0,-0.047295,0
ARL4A,0.013501,0,0.10623,0
RBM19,0.071059,0,0.0079095,0
FAM92A1P2,-0.03044,0,-0.023439,0
RALYL,0.011659,0,0.037369,0
RASAL2,-0.062434,0,0.07079,0
DNAJC3,-0.028391,0,-0.034927,0
ZNF618,-0.10637,0,0.046015,0
CTNNBL1,0.071015,0,-0.016895,0
KLF7,-0.058058,0,-0.023018,0
SPTSSA,-0.0516,0,-0.055503,0
DPH6,-0.076848,0,0.010739,0
ST8SIA2,-0.021634,0,-0.073301,0
PTPRU,-0.076415,0,-0.10863,0
TCF4,-0.061806,0,0.071134,0
HS6ST1,-0.20707,1,-0.13697,0
FUT8,-0.13763,1,-0.17905,1
KDM3A,-0.037793,0,-0.093273,0
SAFB,3.1079e-05,0,0.054583,0
HIVEP1,-0.21911,1,-0.10139,0
MIR100HG,-0.13808,0,-0.11437,0
RHOB,-0.028136,0,-0.069792,0
SMPD3,0.15068,0,0.14622,0
NLGN1,0.034461,0,0.10691,0
GAREM1,-0.2066,1,-0.18571,1
PBX1,-0.11451,1,-0.096262,0
SLITRK2,-0.12832,0,-0.036223,0
RTP4,-0.01728,0,0.036517,0
NFAM1,-0.02939,0,-0.091981,1
TEX29,-0.21631,0,-0.21156,0
HACE1,-0.074744,0,-0.070683,0
SASH1,-0.12675,0,-0.11335,0
DYNLRB2,0.11563,1,0.073201,0
KIAA0825,-0.116,0,-0.0082114,0
RHOBTB3,-0.061341,0,-0.097721,0
DCAF12L2,0.057498,0,-0.0016902,0
RCOR1,0.071194,0,0.017653,0
HS1BP3,-0.026059,0,-0.015054,0
B3GAT2,-0.05738,0,-0.016963,0
ZFHX3,-0.03157,0,-0.049595,0
PRDM6,-0.038943,0,-0.058271,0
ANKRD11,-0.068584,0,-0.056432,0
ADRA1D,-0.24628,1,-0.23811,0
ERBB4,-0.16696,1,-0.081969,0
KCNIP1,-0.024892,0,-0.028452,0
IRX3,0.017648,0,0.0052532,0
CACNA1E,0.0085261,0,0.044379,0
PBLD,-0.081263,0,-0.039896,0
CLSTN2,0.044789,0,-0.023177,0
LPIN3,-0.11107,1,-0.093868,1
GBE1,0.060972,0,-0.064193,0
NAV2,-0.025327,0,0.0079498,0
C3orf67,-0.040234,0,-0.030503,0
SRBD1,0.0033154,0,-0.031078,0
VGLL3,-0.065118,0,-0.054675,0
WSCD2,-0.0071058,0,0.017693,0
TNFAIP6,-0.11135,1,-0.11818,1
ITGB4,-0.066841,0,-0.036259,0
PLXNA2,-0.019613,0,-0.060699,0
PIK3AP1,-0.049001,0,-0.034472,0
FAM84B,-0.088059,0,-0.15845,1
SOX1,-0.1064,0,-0.062139,0
ARPP21,-0.025778,0,-0.0048962,0
TOX,-0.16696,0,-0.12525,0
BRINP3,-0.08843,0,0.012058,0
AKAP6,-0.05082,0,-0.035965,0
CSRP2,0.064986,0,0.12369,0
NFIB,-0.043701,0,-0.071143,0
ANGPT1,0.014615,0,0.009732,0
KCNJ6,0.018301,0,0.05429,0
GLIS3,-0.17521,0,-0.0063663,0
F13A1,-0.11231,0,-0.069155,0
WSCD1,0.062337,0,0.039361,0
CYP26B1,-0.14761,0,-0.14432,0
PLCL2,-0.06956,0,-0.037232,0
TLR4,-0.10733,0,-0.063648,0
ACTR3BP2,-0.10515,0,-0.016075,0
ITGB8,-0.13876,0,-0.11854,0
TMEM161B,-0.022796,0,-0.018095,0
GPATCH2,-0.1156,0,-0.054005,0
APTX,-0.068198,0,-0.049205,0
NRIP1,-0.11035,0,-0.059602,0
WDR1,0.063319,0,0.12848,0
TBL1XR1,-0.068874,0,-0.12281,1
HGD,-0.043693,0,-0.11954,0
FLI1,0.013961,0,0.022742,0
MAIP1,-0.0028426,0,-0.069811,0
PDZRN3,-0.093225,0,-0.010455,0
NEUROD1,-0.057626,0,0.092388,0
DAB1,-0.033929,0,-0.038381,0
RPS29,0.0061607,0,-0.023722,0
UNC5D,-0.12032,0,-0.050544,0
ST6GAL2,0.022381,0,0.16269,0
MAP2K5,-0.023455,0,-0.14937,0
ELP3,-0.10386,0,-0.166,0
TBC1D23,-0.042696,0,0.054871,0
TGFBRAP1,-0.12827,0,-0.097983,0
ZC3H3,-0.095978,1,-0.070643,0
NDUFA4,0.046765,0,-0.056477,0
LIPC,-0.0027028,0,-0.072271,0
EFCAB11,-0.0028797,0,-0.11387,0
SUGCT,0.0084674,0,-0.037683,0
PIK3C3,-0.057337,0,-0.052466,0
SYT4,-0.13472,0,-0.07321,0
EDA,-0.051912,0,-0.058418,0
NSD3,-0.1498,0,-0.078108,0
METTL2B,-0.03347,0,-0.06181,0
PSMD14,0.035198,0,-0.062718,0
FAM46A,-0.048392,0,-0.0098306,0
DOCK4,-0.25666,1,-0.15953,1
CLINT1,-0.080242,0,-0.075528,0
RRP15,-0.11153,0,-0.11489,0
TSPAN5,-0.10426,0,-0.067019,0
TNFRSF21,0.0023106,0,-0.10406,0
SAMD5,0.028124,0,0.037576,0
NYAP2,-0.094452,0,0.0030662,0
CPSF2,0.035555,0,-0.032905,0
FAM241A,0.051127,0,-0.017799,0
PTPRK,-0.13351,0,-0.11735,0
FAXC,-0.093437,0,-0.066347,0
MBIP,-0.0091461,0,-0.030703,0
MDGA2,-0.023739,0,-0.090112,0
VPS13B,-0.046441,0,-0.034974,0
TSN,-0.15944,1,-0.1023,0
PARD3B,-0.046729,0,-0.028897,0
ALCAM,-0.10378,0,-0.067246,0
STXBP6,-0.19982,1,-0.14731,0
SLITRK6,-0.019477,0,-0.048209,0
SUCLA2,-0.036336,0,-0.11889,0
GPR39,-0.074567,0,-0.096687,0
HCCS,-0.067751,0,-0.11689,0
ZNF770,-0.091151,1,-0.066271,0
TOP2B,-0.11907,0,-0.08701,0
MGAT5B,-0.2336,0,-0.084007,0
NFASC,-0.020485,0,-0.059852,0
CREB1,-0.099592,1,-0.080724,0
SULT1C4,-0.14922,0,-0.087727,0
GALNT10,-0.025927,0,0.048746,0
SVBP,-0.030201,0,-0.050292,0
SYT9,-0.18341,1,-0.19449,1
GCFC2,-0.082149,0,-0.12264,1
ZNF516,-0.026215,0,0.01279,0
MEGF11,0.024108,0,-0.066649,0
SEMA5A,0.013163,0,-0.038686,0
FHIT,0.061143,0,-0.044884,0
AP5Z1,-0.046947,0,-0.022706,0
OLFM4,-0.16869,0,-0.13567,0
TMEM68,-0.13276,1,-0.12724,1
PLD5,0.017094,0,-0.0063865,0
LPP,-0.097884,0,-0.027572,0
EIF3M,-0.01433,0,-0.030546,0
BCL9L,-0.041938,0,0.015298,0
ETV1,-0.068176,0,-0.16729,0
CREBL2,-0.022512,0,-0.087882,0
ZDHHC15,-0.073256,0,-0.094721,0
KCNH7,-0.13156,0,-0.18245,0
SUPT3H,0.053163,0,0.10754,1
AFF3,-0.067524,0,-0.00024598,0
TTN,-0.12049,0,-0.075097,0
PRKX,-0.041513,0,-0.081493,0
MYT1L,-0.045842,0,-0.0042013,0
PLEKHA5,-0.12254,0,-0.081237,0
CLEC14A,-0.13108,0,-0.065032,0
NOA1,0.047171,0,0.035174,0
KIF26A,-0.13193,0,-0.061701,0
GOT2,-0.023275,0,-0.084641,0
DGKG,0.095138,0,0.046482,0
SMOC1,-0.039357,0,-0.10565,0
ATG5,-0.12866,0,-0.17834,0
NEDD4,-0.053256,0,-0.092697,0
S1PR1,-0.15695,0,-0.12699,0
CALD1,-0.15881,0,-0.1229,0
CCDC171,-0.089416,0,0.039258,0
LRRTM4,-0.26696,1,-0.12809,0
FAM173B,-0.14174,1,-0.11651,0
PALLD,-0.053409,0,0.0093672,0
HS6ST3,-0.16149,1,-0.14655,1
PEX14,-0.074686,0,-0.062262,0
CXCR4,-0.049653,0,-0.053811,0
LOC389705,-0.061267,0,-0.19579,1
KPNB1,-0.10289,0,-0.064916,0
ZNF518B,-0.11985,0,-0.024992,0
PRKAR2B,-0.1411,1,-0.095629,0
CRNDE,-0.1706,1,-0.14913,0
C4orf19,-0.12833,0,-0.14108,0
ASCC3,-0.054992,0,-0.047787,0
ANXA1,-0.066043,0,-0.077701,0
GPAM,-0.109,0,-0.069306,0
HOXA3,-0.038538,0,-0.087268,0
C1orf35,-0.11311,0,-0.033765,0
CTBP2,-0.037462,0,0.02088,0
KHDRBS3,-0.13025,1,-0.099585,0
IGSF11,-0.10675,0,-0.15449,1
SMG6,-0.034503,0,0.049526,0
TPK1,-0.34986,1,-0.22493,1
PCDH1,-0.14042,0,-0.071797,0
LOC100132831,0.01127,0,-0.087518,0
ARSJ,-0.2509,1,-0.14152,0
ZNF648,-0.11952,0,-0.21283,1
SDK1,-0.14554,0,-0.1268,0
RABEP1,-0.14357,1,-0.17503,1
ANAPC10,-0.14167,1,-0.20885,1
EPHA4,-0.11959,0,-0.084715,0
LHX8,-0.11377,0,-0.20361,1
BPGM,0.021661,0,-0.087704,0
SCFD2,-0.059666,0,-0.11446,0
RAB28,-0.054923,0,-0.071933,0
EPHA6,-0.065531,0,-0.019545,0
TWISTNB,-0.066887,0,-0.051875,0
OPHN1,-0.11432,0,-0.054045,0
COL25A1,-0.079032,0,-0.042934,0
GKAP1,-0.0086902,0,-0.059296,0
DACH1,-0.29757,1,-0.24309,0
MAML2,-0.059327,0,-0.073068,0
SGCD,-0.18656,1,-0.054119,0
SESN3,-0.14668,0,-0.096065,0
WDR41,-0.074817,0,-0.15205,1
MRPS9,-0.072472,0,-0.11728,0
TENM1,-0.074917,0,-0.059278,0
CTSO,-0.13038,0,-0.11624,0
ZKSCAN2,-0.11032,0,-0.064489,0
SLF1,-0.25786,1,-0.14104,0
PTPRG,-0.11897,0,-0.060133,0
SMURF2,-0.10093,0,-0.041346,0
PPP2CB,-0.11192,0,-0.14894,1
GRIK4,0.0044163,0,-0.079375,0
THBS4,-0.036122,0,-0.13321,0
AOAH,-0.057246,0,-0.13634,0
TSHZ2,-0.33974,1,-0.17511,0
SF3A3,-0.069344,0,-0.089955,0
RWDD3,-0.090632,0,-0.11696,1
PRRX1,-0.13274,0,-0.10872,0
DHRS4L1,-0.18371,1,-0.17222,1
DMD,-0.17128,0,-0.06951,0
CSPP1,-0.04798,0,-0.074954,0
PARD3,-0.13773,0,-0.10017,0
DAB2,-0.093697,0,-0.091164,0
HHEX,-0.07027,0,-0.060391,0
FANCF,-0.088372,0,-0.11216,1
EMX2,-0.1768,1,-0.13865,1
SFRP1,-0.29163,1,-0.2616,1
CCSER2,-0.17169,0,-0.19966,1
ADCYAP1,-0.40573,1,-0.24408,1
PTPRM,-0.14596,0,-0.16478,0
AFF2,-0.052352,0,-0.023115,0
ASAP3,-0.01974,0,-0.092444,0
CFAP73,-0.16029,0,-0.16831,1
UBALD1,-0.14638,0,-0.084539,0
TRPS1,-0.15225,0,-0.14377,0
COG6,-0.18957,1,-0.14989,0
ID4,-0.17111,0,-0.11416,0
HNMT,-0.14104,0,-0.14868,1
RGS9,-0.067595,0,-0.04654,0
STMN4,-0.11863,0,-0.15154,1
DCN,-0.13221,0,-0.036318,0
RBMX,-0.098064,0,-0.060964,0
MRPL46,-0.16426,1,-0.17028,0
BCHE,-0.12696,0,-0.13176,0
GPR26,-0.23745,0,-0.19631,0
CLYBL,-0.12151,1,-0.15523,1
SLC1A2,-0.23003,1,-0.1825,1
INTU,-0.1494,0,-0.049459,0
EIF4E,-0.13455,1,-0.1936,1
SPATS2L,-0.25104,1,-0.1422,0
MMP16,-0.15213,0,-0.044467,0
CCT6B,-0.071313,0,-0.19333,1
LINC00320,-0.17419,0,-0.24303,1
FANCL,-0.087549,0,-0.059211,0
CNTN4,-0.07244,0,-0.14005,0
IMMP2L,-0.1026,0,-0.022997,0
SLC39A11,-0.19243,0,-0.2692,1
ANXA2,-0.095349,0,-0.12662,0
CMC1,-0.02044,0,-0.13055,1
DUSP6,-0.37424,1,-0.30941,1
CCDC158,-0.21628,1,-0.12838,0
MYCN,-0.0080261,0,-0.093805,0
ZNF429,-0.11484,0,-0.1665,1
PRKD1,-0.15857,0,-0.13506,0
NR4A2,-0.11511,0,-0.082645,0
PDZRN4,-0.26788,1,-0.1514,0
DUSP26,-0.087156,0,-0.13241,1
TNS3,-0.25671,1,-0.13931,0
TNR,-0.17649,0,-0.10196,0
CNTNAP2,-0.38995,1,-0.28117,1
TMEM132D,-0.1602,0,-0.093638,0
SKAP1,-0.18687,0,-0.23219,0
COLQ,-0.14569,1,-0.056073,0
PDSS2,-0.0279,0,-0.13101,1
ARX,-0.18819,1,-0.1242,0
WDR45,-0.1742,0,-0.21062,1
RPRM,-0.2187,1,-0.17547,1
AK8,0.033318,0,-0.048016,0
DDIT4L,-0.2881,1,-0.154,0
OLA1,-0.085642,0,-0.12093,0
GJA1,-0.20644,1,-0.18147,1
FAM98A,-0.2178,1,-0.28649,1
CDH18,-0.18906,1,-0.18611,1
CSMD3,-0.12598,0,-0.06513,0
DPH5,-0.068313,0,-0.054823,0
CRYZ,-0.16794,0,-0.16397,0
RAPGEF2,-0.3084,1,-0.24054,1
EXT1,-0.20098,1,-0.10777,0
SCRG1,-0.19973,0,-0.25306,0
ZIC5,-0.20775,1,-0.11034,0
EFR3B,-0.26271,1,-0.19308,1
PCDH18,-0.11233,0,-0.057446,0
AXIN2,-0.11156,0,-0.093947,0
TMEM215,-0.076127,0,-0.066711,0
MPP6,-0.25593,1,-0.22873,1
SOX6,-0.12457,1,-0.10004,0
GORAB,-0.10456,0,-0.040234,0
PRDM16,-0.2623,1,-0.23732,1
WNT5A,-0.17973,1,-0.15672,1
C14orf28,-0.14798,1,-0.1731,1
RPL10L,-0.12297,0,-0.09015,0
SYTL4,-0.22057,1,-0.16021,0
MEGF9,-0.18046,1,-0.26929,1
PLA2G4A,-0.13524,0,-0.12884,0
GRIN2B,-0.17933,0,-0.11292,0
ALK,-0.29214,1,-0.20451,1
ZFAND3,-0.14342,0,-0.12634,0
CETN3,-0.16219,0,-0.2311,1
SPRY4,-0.28894,1,-0.21511,0
GORASP2,-0.075345,0,-0.11877,0
NRP1,-0.19092,0,-0.18563,0
NRXN3,-0.1323,1,-0.11349,1
TCERG1L,-0.27891,1,-0.18064,0
KLHL29,-0.15116,0,-0.22197,0
KIF26B,-0.26562,1,-0.17719,1
NDFIP2,-0.16959,1,-0.15982,1
DCLK2,-0.23,1,-0.17152,1
TRIB2,-0.23332,1,-0.21923,1
NR2F2,-0.086105,0,-0.045512,0
LRRC4C,-0.083503,0,-0.13511,0
RREB1,-0.10374,0,-0.14036,0
CASK,-0.15166,0,-0.11436,0
CHODL,-0.2572,1,-0.28067,1
TRPC4,-0.11331,0,-0.10269,0
GRIK1,-0.28895,1,-0.20459,0
CADM1,-0.18677,0,-0.14358,0
HSF2,-0.1515,1,-0.18828,1
MIR99AHG,-0.23289,1,-0.14789,0
PARK7,-0.11356,0,-0.13478,1
COX7C,-0.11221,0,-0.16367,1
GCDH,-0.17149,1,-0.11169,0
LRRC7,-0.1941,0,-0.098328,0
NECTIN1,-0.26324,1,-0.24303,1
TSPAN11,-0.16388,0,-0.10839,0
BLNK,-0.16262,1,-0.2676,1
FERMT1,-0.22602,1,-0.20827,0
NCAM1,-0.18526,0,-0.095139,0
GRIA3,-0.24676,1,-0.25693,1
NMI,-0.1534,0,-0.19119,1
ST8SIA3,-0.26137,1,-0.14601,0
PELO,-0.12044,0,-0.11604,0
FBXW11,-0.14723,0,-0.23592,1
SYT1,-0.36426,1,-0.23956,1
DLX2,-0.19517,1,-0.17197,1
FAM160B1,-0.11739,0,-0.16155,1
PSMF1,-0.077175,0,-0.12378,1
EIF3IP1,-0.10493,0,-0.17338,1
CRIM1,-0.24788,1,-0.18029,0
TFEC,-0.21813,1,-0.21997,1
KYNU,-0.097855,0,-0.19061,0
NPAS3,-0.22273,1,-0.17042,0
TLE1,-0.14064,0,-0.096569,0
BCAS3,-0.17722,1,-0.1736,1
PRKN,-0.24376,1,-0.21223,1
LY86,-0.14421,0,-0.25064,1
CDH22,-0.28807,1,-0.25863,1
SNHG20,-0.16392,1,-0.095303,0
PRMT8,-0.16342,1,-0.11271,0
TUSC1,-0.058637,0,-0.065966,0
ERC2,-0.24661,1,-0.19593,0
RRAGC,-0.23137,1,-0.18218,1
LHX2,-0.21197,1,-0.14839,0
LNPK,-0.30185,1,-0.28967,1
ZNF521,-0.29712,1,-0.26578,1
BCL11B,-0.15259,0,-0.24735,0
ZFP36L1,-0.19917,0,-0.19243,0
OPCML,-0.21698,1,-0.19091,1
PLS3,-0.24561,1,-0.28198,1
SORCS3,-0.21016,1,-0.15062,0
COL11A1,-0.44021,1,-0.33698,1
INTS10,-0.18661,1,-0.21209,1
LRP1B,-0.16501,0,-0.17082,0
ASIC2,-0.15974,0,-0.12518,0
PRIM2,-0.17606,1,-0.16946,1
COPS8,-0.12404,1,-0.19541,1
TXNL1,-0.17077,1,-0.17901,1
ANKRD30BP2,-0.20611,1,-0.12203,0
CA8,-0.22079,1,-0.21346,1
APCDD1,-0.22012,1,-0.16196,0
CTNNA2,-0.19264,1,-0.25388,1
LRRN1,-0.21838,1,-0.2054,1
FAM110B,-0.067134,0,-0.090954,0
AK4,-0.21743,0,-0.17852,0
GPC5,-0.18366,1,-0.12024,0
HTR1E,-0.44477,1,-0.39518,1
MZT1,-0.23231,1,-0.21592,1
COX6A1,-0.07459,0,-0.1598,1
ZNF704,-0.32267,1,-0.2671,1
SLC35G2,-0.20505,1,-0.20772,1
EIF3H,-0.15538,0,-0.18943,1
SNTB1,-0.27327,1,-0.22784,1
EPHA5,-0.20572,0,-0.16382,0
TMEM182,-0.1726,0,-0.25358,1
USP46,-0.20702,1,-0.20629,1
ATP23,-0.1229,0,-0.11351,0
GTDC1,-0.34309,1,-0.38249,1
NR0B1,-0.14032,0,-0.11552,0
GPD2,-0.24187,1,-0.18032,0
CAPRIN1,-0.20142,1,-0.28485,1
MAF,-0.21972,1,-0.27497,1
GALNT11,-0.18227,1,-0.24989,1
PTCH1,-0.29795,1,-0.1917,0
MYLIP,-0.21985,1,-0.22214,1
RBSN,-0.24977,1,-0.27473,1
NRG3,-0.28477,1,-0.19457,1
FJX1,-0.20519,1,-0.23243,1
PDGFRL,-0.10855,0,-0.11174,0
CDKL5,-0.26143,1,-0.14379,0
AGBL4,-0.26334,1,-0.22219,1
DNPEP,-0.10571,0,-0.18746,1
CBLN2,-0.44588,1,-0.37387,1
LPAR6,-0.13608,0,-0.22922,1
NUDT7,-0.099916,0,-0.15486,1
MDFIC,-0.29591,1,-0.24616,1
AZIN1,-0.24668,1,-0.25676,1
PSMD7,-0.23426,1,-0.28581,1
NTRK3,-0.29764,1,-0.17688,0
AMZ2,-0.28477,1,-0.33118,1
RIMS1,-0.38578,1,-0.31851,1
GLUD2,-0.25164,1,-0.23451,1
DAD1,-0.2174,1,-0.29039,1
ZFYVE1,-0.18762,0,-0.17092,0
PLPP3,-0.2652,1,-0.23692,1
CDH3,-0.17371,0,-0.099338,0
CCT8,-0.12049,0,-0.16373,1
CACHD1,-0.22829,1,-0.28328,1
LOC728739,-0.21856,1,-0.3234,1
NDST3,-0.4624,1,-0.376,1
PRPS1,-0.12494,0,-0.21234,1
UBXN2B,-0.25685,1,-0.24265,1
SMARCA1,-0.14738,0,-0.10661,0
ASTN1,-0.30209,1,-0.24259,1
PNOC,-0.33425,1,-0.18995,0
C12orf76,-0.21103,1,-0.299,1
C11orf74,-0.25758,1,-0.33769,1
SQOR,-0.17598,0,-0.18688,0
SCAPER,-0.28844,1,-0.12787,0
DPYD,-0.16337,0,-0.20954,1
SH3GL2,-0.15505,1,-0.19678,1
PIRT,-0.062839,0,-0.1409,0
KCNA4,-0.27899,1,-0.18431,0
ADAMTS9,-0.16473,0,-0.22148,0
EIPR1,-0.14258,0,-0.21074,1
OLFM3,-0.50114,1,-0.38906,1
NRP2,-0.15257,0,-0.12299,0
RFX3,-0.3377,1,-0.24634,1
PGAP1,-0.20624,0,-0.15979,0
GABRA2,-0.26827,1,-0.18977,1
CHST9,-0.20436,0,-0.17811,0
FBXO15,-0.052311,0,-0.16412,0
TYRP1,-0.42159,1,-0.37132,1
GLI3,-0.24908,1,-0.19585,1
RNF145,-0.313,1,-0.28914,1
ATP6V0A1,-0.32474,1,-0.2786,1
CNTN6,-0.14724,0,-0.22296,0
LRMDA,-0.2387,1,-0.23957,1
MUT,-0.26331,1,-0.26044,1
NPY,-0.24633,0,-0.32671,1
SEM1,-0.15054,0,-0.26139,1
KCNB2,-0.42253,1,-0.2571,1
TANGO6,-0.2767,1,-0.29207,1
C11orf49,-0.20319,1,-0.19134,1
SPRY1,-0.25637,1,-0.23346,1
ACVR2A,-0.33066,1,-0.21621,0
SFTA1P,-0.26807,1,-0.16254,1
SLITRK1,-0.27242,1,-0.24578,1
C1D,-0.29381,1,-0.3762,1
L3MBTL4,-0.47198,1,-0.40143,1
FOXG1,-0.33563,1,-0.26136,1
ERICH3,-0.20465,1,-0.20511,1
RSPO4,-0.1999,0,-0.18976,0
SLC39A10,-0.46301,1,-0.40267,1
PLPP4,-0.24389,1,-0.22846,1
RUNX1T1,-0.16222,0,-0.056772,0
JAZF1,-0.33431,1,-0.28843,1
ADRB2,-0.21397,0,-0.24051,1
SFMBT2,-0.27247,1,-0.25062,1
PHB,-0.24901,1,-0.30671,1
KLHL25,-0.44599,1,-0.29989,1
SOX5,-0.31335,1,-0.33225,1
CHL1,-0.38257,1,-0.36389,1
CNTN3,-0.35107,1,-0.27683,1
KCNT2,-0.41833,1,-0.35209,1
RGS18,-0.23433,1,-0.32193,1
HACD1,-0.25469,1,-0.29537,1
LCLAT1,-0.34099,1,-0.31553,1
DROSHA,-0.25806,1,-0.2496,1
RFC3,-0.29923,1,-0.26299,1
SND1,-0.31838,1,-0.26157,1
PCDH10,-0.37593,1,-0.33043,1
CDH13,-0.31675,1,-0.31403,1
CDC27,-0.31992,1,-0.31441,1
TNIK,-0.33745,1,-0.25752,1
TLL1,-0.3847,1,-0.29235,1
USP9X,-0.21033,1,-0.20129,0
HSPA13,-0.34198,1,-0.33245,1
CASC10,-0.26266,1,-0.22614,1
CNIH3,-0.27605,1,-0.27229,1
PCDH8,-0.40554,1,-0.35495,1
LOC441204,-0.33951,1,-0.2643,1
NXPH1,-0.307,1,-0.30188,1
CHRM2,-0.41953,1,-0.3882,1
SMAD1,-0.35897,1,-0.25679,1
FZD8,-0.30609,1,-0.23202,1
LHFPL3,-0.21975,1,-0.29363,1
FAM49A,-0.36369,1,-0.3132,1
AP2B1,-0.30621,1,-0.34792,1
CAPZB,-0.18478,0,-0.21937,1
NMNAT3,-0.32749,1,-0.33737,1
NUS1,-0.38327,1,-0.33493,1
HMGCLL1,-0.24318,1,-0.24471,1
CDH4,-0.35438,1,-0.28734,1
SDK2,-0.32928,1,-0.28883,1
WDR7,-0.31193,1,-0.34155,1
TENM3,-0.33581,1,-0.24497,0
CXXC4,-0.30237,1,-0.244,1
MSRA,-0.28319,1,-0.23371,1
GNAQ,-0.3742,1,-0.39557,1
ARL15,-0.34601,1,-0.34503,1
HDAC9,-0.53104,1,-0.41508,1
CCDC85A,-0.46954,1,-0.43805,1
DOK5,-0.24548,1,-0.22257,1
GPC6,-0.23723,1,-0.25391,1
DEDD2,-0.32423,1,-0.28463,1
CHRDL1,-0.46104,1,-0.39373,1
DENND1A,-0.41136,1,-0.29444,1
TRIB1,-0.31239,1,-0.31374,1
PTBP2,-0.31809,1,-0.32468,1
SYT10,-0.43381,1,-0.27182,1
KIRREL3,-0.43415,1,-0.30519,1
KCNMB2,-0.30171,1,-0.31876,1
C5orf30,-0.46292,1,-0.42341,1
UBE2E2,-0.3912,1,-0.36787,1
GRIK3,-0.33134,1,-0.27348,1
CDH11,-0.22967,0,-0.27268,1
IGF1,-0.43647,1,-0.36005,1
PAMR1,-0.4469,1,-0.32966,1
ASXL3,-0.41679,1,-0.32774,1
SOBP,-0.38832,1,-0.33938,1
UBE2MP1,-0.36379,1,-0.35074,1
MED27,-0.31495,1,-0.31166,1
GRB14,-0.34775,1,-0.3212,1
RSU1,-0.2214,1,-0.30293,1
GLP2R,-0.23186,1,-0.21347,1
C6orf118,-0.30724,1,-0.29557,1
COL23A1,-0.41853,1,-0.26905,1
ALG1L,-0.27816,1,-0.25791,1
DCTD,-0.28093,1,-0.31399,1
CAMK1G,-0.50097,1,-0.41527,1
ROBO2,-0.25308,1,-0.26193,1
SV2B,-0.41029,1,-0.39135,1
KLHL1,-0.14515,0,-0.22569,1
ARHGAP20,-0.36003,1,-0.35918,1
SMAD2,-0.38681,1,-0.33181,1
ADGRL3,-0.31898,1,-0.313,1
CPE,-0.34135,1,-0.3413,1
PAX6,-0.32164,1,-0.34308,1
DCAF4,-0.37686,1,-0.36514,1
TOX3,-0.25959,0,-0.27041,1
GRIK2,-0.44544,1,-0.35833,1
DMAC1,-0.34606,1,-0.41277,1
ACKR3,-0.41603,1,-0.30023,1
ZC3H15,-0.23067,1,-0.32831,1
ONECUT1,-0.25194,1,-0.25301,1
ERI3,-0.37051,1,-0.36296,1
TRIM24,-0.40747,1,-0.34789,1
PPP3CB,-0.38733,1,-0.40026,1
RIPK2,-0.35069,1,-0.32498,1
MCTP1,-0.42317,1,-0.41318,1
ROBO1,-0.41091,1,-0.41973,1
NKAIN2,-0.32414,1,-0.33933,1
MRPS18A,-0.31782,1,-0.37373,1
GRID2,-0.25638,0,-0.2319,0
YWHAB,-0.29654,1,-0.33962,1
NELL2,-0.36981,1,-0.32413,1
XKR4,-0.30933,1,-0.27243,0
MDGA1,-0.39758,1,-0.37339,1
DACH2,-0.40677,1,-0.36405,1
GRM8,-0.37602,1,-0.32138,1
SLIT3,-0.25889,0,-0.23684,0
PCSK5,-0.3841,1,-0.30394,1
PCDH17,-0.3032,1,-0.31523,1
DPP10,-0.41133,1,-0.40337,1
CYTOR,-0.33665,1,-0.35034,1
PRICKLE2,-0.36496,1,-0.33103,1
CAMK2D,-0.41358,1,-0.35452,1
DLG2,-0.45165,1,-0.41253,1
FHOD3,-0.26575,1,-0.28967,1
SIL1,-0.36256,1,-0.36825,1
PSD3,-0.43352,1,-0.41458,1
CCDC68,-0.49584,1,-0.4447,1
MGMT,-0.30183,1,-0.29163,1
VAT1L,-0.27932,0,-0.37606,1
DIAPH3,-0.33412,1,-0.33809,1
LMO1,-0.26703,1,-0.3344,1
GPC4,-0.28533,1,-0.29816,1
RCN1,-0.43928,1,-0.40242,1
ATP9A,-0.46535,1,-0.42107,1
PTGER4,-0.31302,1,-0.30849,1
PHF20L1,-0.43346,1,-0.40874,1
CBLN1,-0.40009,1,-0.32436,1
ACTR3B,-0.39249,1,-0.35366,1
GALNT14,-0.39702,1,-0.35271,1
TUSC3,-0.39389,1,-0.356,1
NBAS,-0.3451,1,-0.39472,1
NKAIN3,-0.40512,1,-0.35575,1
ZFP64,-0.35539,1,-0.36507,1
KCTD12,-0.35882,1,-0.34759,1
DYNC1I1,-0.35434,1,-0.40987,1
BTBD9,-0.36186,1,-0.34904,1
CCNH,-0.30303,1,-0.3579,1
MACROD2,-0.37108,1,-0.32018,1
ADTRP,-0.52856,1,-0.48738,1
TMEFF2,-0.40264,1,-0.44507,1
TBCA,-0.30082,1,-0.34287,1
RGMB,-0.36783,1,-0.3553,1
LARGE1,-0.39773,1,-0.37654,1
NCAM2,-0.35616,1,-0.38675,1
ENOX1,-0.52506,1,-0.47653,1
CDH9,-0.52253,1,-0.41451,1
PTCHD1,-0.44657,1,-0.37752,1
LRRN2,-0.35253,1,-0.37441,1
ATP6V1C1,-0.4158,1,-0.41536,1
PDGFC,-0.41475,1,-0.36669,1
LINC00461,-0.42656,1,-0.41746,1
PRMT6,-0.38725,1,-0.36212,1
SSTR2,-0.39965,1,-0.39847,1
CA10,-0.59695,1,-0.54003,1
FAM19A1,-0.39015,1,-0.35668,1
SLC4A3,-0.33029,1,-0.3059,1
PRNP,-0.50718,1,-0.48987,1
MPHOSPH6,-0.3858,1,-0.40529,1
CDH8,-0.51355,1,-0.41828,1
FSTL5,-0.42298,1,-0.41997,1
FZD1,-0.37529,1,-0.35119,1
CACNG3,-0.48475,1,-0.44564,1
LY86-AS1,-0.51597,1,-0.49855,1
DYRK2,-0.44607,1,-0.46123,1
ADGRB3,-0.42198,1,-0.39919,1
PTER,-0.40232,1,-0.42747,1
DGKB,-0.53741,1,-0.46467,1
CDH10,-0.48627,1,-0.43847,1
SST,-0.43095,1,-0.40692,1
XYLT1,-0.51736,1,-0.4588,1
CPNE7,-0.42232,1,-0.36677,1
GATB,-0.43775,1,-0.47033,1
PACRG,-0.42645,1,-0.41811,1
EXOC6,-0.4738,1,-0.42242,1
SKAP2,-0.513,1,-0.5403,1
RASAL1,-0.50717,1,-0.44743,1
TOM1L1,-0.49404,1,-0.46157,1
LMO3,-0.47123,1,-0.50859,1
MAGED1,-0.3966,1,-0.41193,1
DNAH5,-0.4248,1,-0.42089,1
LRRC3B,-0.50811,1,-0.43094,1
CENPW,-0.42862,1,-0.41517,1
GRIN3A,-0.39486,1,-0.40416,1
HTR7,-0.4378,1,-0.42159,1
ATOH7,-0.49297,1,-0.44455,1
PCDH20,-0.52918,1,-0.48119,1
LOC100288911,-0.49003,1,-0.46383,1
DTNBP1,-0.47613,1,-0.50123,1
PKIA,-0.48488,1,-0.44231,1
PID1,-0.47063,1,-0.47499,1
SSTR1,-0.53086,1,-0.51812,1
